Number,Gender,NameSet,Title,GivenName,MiddleInitial,Surname,StreetAddress,City,State,StateFull,ZipCode,Country,CountryFull,EmailAddress,Username,Password,BrowserUserAgent,TelephoneNumber,TelephoneCountryCode,MothersMaiden,Birthday,Age,TropicalZodiac,CCType,CCNumber,CVV2,CCExpires,NationalID,UPS,WesternUnionMTCN,MoneyGramMTCN,Color,Occupation,Company,Vehicle,Domain,BloodType,Pounds,Kilograms,FeetInches,Centimeters,GUID,Latitude,Longitude
1,male,Brazil,Mr.,Mateus,P,Ferreira,"Travessa Camorim 1475",Salvador,BA,Bahia,41770-510,BR,Brazil,MateusPintoFerreira@cuvox.de,Nevard2003,eijoleeX7,"Mozilla/5.0 (Windows NT 6.1; WOW64) AppleWebKit/537.36 (KHTML, like Gecko) Chrome/47.0.2526.111 Safari/537.36","(71) 7979-4264",55,Oliveira,3/26/2003,12,Aries,Visa,4716954216669791,031,8/2021,230.921.063-34,"1Z 129 3F4 28 2936 116 9",4712269087,16978949,White,"Plating and coating machine operator",Patterson-Fletcher,"1993 Peugeot 309",PublicMass.com.br,A+,115.1,52.3,"5' 2""",157,0828bef4-21cc-48e0-911d-b5116f3a9241,-12.861364,-38.570997
2,male,Brazil,Mr.,Victor,P,Martins,"Caminho Cadunga 1331","Belford Roxo",RJ,"Rio de Janeiro",26157-280,BR,Brazil,VictorPereiraMartins@cuvox.de,Reque2002,chood1AiKoo,"Mozilla/5.0 (Macintosh; Intel Mac OS X 10_10_5) AppleWebKit/600.8.9 (KHTML, like Gecko) Version/8.0.8 Safari/600.8.9","(21) 7173-6145",55,Melo,4/20/2002,13,Taurus,Visa,4556794255702233,408,3/2017,549.120.984-85,"1Z 075 7W4 91 4659 401 1",3890797663,89417201,Black,"Immunohematology technologist","STM Auto Parts","2003 Toyota Avensis",PremiumLay.com.br,O-,115.9,52.7,"4' 8""",143,4b7e5a68-dc04-48f9-aea6-490b420a573e,-22.773099,-43.363251
3,female,Brazil,Ms.,Larissa,R,Castro,"Rua João de Assis Moreno 1976",Garanhuns,PE,Pernambuco,55296-180,BR,Brazil,LarissaRodriguesCastro@rhyta.com,Seetumbrave,iCh8ooLi4shah,"Mozilla/5.0 (Windows NT 6.1) AppleWebKit/537.36 (KHTML, like Gecko) Chrome/47.0.2526.106 Safari/537.36","(87) 3763-8519",55,Lima,12/8/2008,7,Sagittarius,Visa,4716841568539450,198,11/2020,498.326.536-81,"1Z 5A1 E73 30 4226 306 9",8024605321,76220918,Purple,"Apartment leasing agent","Listenin' Booth","1992 Buick Park Avenue",HealthyBarbeque.com.br,B+,43.8,19.9,"4' 2""",127,5ae75782-3079-4e7a-83d6-1cffea27262c,-8.89223,-36.544805
4,male,Brazil,Mr.,Rodrigo,F,Cardoso,"Avenida Afonso Botelho 1169","Campo Mourão",PR,Paraná,87300-040,BR,Brazil,RodrigoFernandesCardoso@superrito.com,Doevall,EiphiQuee7,"Mozilla/5.0 (iPad; CPU OS 9_2 like Mac OS X) AppleWebKit/601.1.46 (KHTML, like Gecko) Version/9.0 Mobile/13C75 Safari/601.1","(44) 2221-2981",55,Martins,2/14/2006,9,Aquarius,Visa,4556471078228510,237,11/2020,785.275.702-20,"1Z 782 2Y6 35 1243 168 0",5093853133,30750139,Blue,"Perioperative nurse","Specialty Restaurant Group","2012 Nissan Leaf",MajorCourses.com.br,O+,71.9,32.7,"4' 4""",131,90dd8600-e5c2-49b4-90cd-84a0537ef17a,-24.080605,-52.334941
5,male,Brazil,Mr.,João,R,Oliveira,"Rua José Carlos Colodel 446","Almirante Tamandaré",PR,Paraná,83501-140,BR,Brazil,JoaoRibeiroOliveira@gustr.com,Noremorkes2004,aiyo2Phae,"Mozilla/5.0 (Windows NT 6.1; WOW64) AppleWebKit/537.36 (KHTML, like Gecko) Chrome/47.0.2526.111 Safari/537.36","(41) 8666-4853",55,Cavalcanti,12/7/2004,11,Sagittarius,Visa,4485606760663278,233,5/2019,965.570.142-50,"1Z 7F6 790 89 5793 542 6",5670366766,67240260,Blue,"Camp director","Carl Durfees","1998 Honda Passport",LongHeads.com.br,B+,60.5,27.5,"4' 5""",134,c819d6cb-49f2-4b60-8896-c33fea8d6846,-25.322099,-49.245603
6,male,Brazil,Mr.,Marcos,C,Castro,"Rua Maria de Lourdes Simões e Simões 1961","Praia Grande",SP,"São Paulo",11707-060,BR,Brazil,MarcosCorreiaCastro@gustr.com,Wiche2006,Ieju2iewai,"Mozilla/5.0 (Windows NT 6.1; WOW64) AppleWebKit/537.36 (KHTML, like Gecko) Chrome/47.0.2526.111 Safari/537.36","(13) 5166-2537",55,Santos,6/25/2006,9,Cancer,Visa,4716862287639348,933,10/2021,186.737.461-75,"1Z 102 026 48 9268 541 9",7817709576,36702430,Red,"Digital imaging technician","Golden Dawn","1992 Plymouth Voyager",SubRecipes.com.br,O+,86.2,39.2,"4' 8""",142,0e9b6182-8799-4b2c-a00d-e263f9bed3a7,-24.032754,-46.480126
7,male,Brazil,Mr.,José,A,Dias,"Rua Embu 909",Osasco,SP,"São Paulo",06270-360,BR,Brazil,JoseAlvesDias@teleworm.us,Stoon2002,Lee5mome,"Mozilla/5.0 (X11; Ubuntu; Linux x86_64; rv:43.0) Gecko/20100101 Firefox/43.0","(11) 2625-9035",55,Azevedo,6/6/2002,13,Gemini,MasterCard,5387592067097657,096,3/2021,141.500.873-69,"1Z 193 436 72 5166 942 1",6905502513,54216850,Red,"Musical instrument tuner","Roadhouse Grill","2008 Chevrolet Blazer",BeverageBuggy.com.br,AB+,128.5,58.4,"5' 0""",152,c3447ebd-9280-44ae-9442-60ca7c67980f,-23.587269,-46.785793
8,female,Brazil,Ms.,Luiza,R,Barros,"Avenida Corifeu de Azevedo Marques 685","São Paulo",SP,"São Paulo",05340-002,BR,Brazil,LuizaRodriguesBarros@rhyta.com,Anget1998,iuNgu6up7co,"Mozilla/5.0 (X11; Linux x86_64) AppleWebKit/537.36 (KHTML, like Gecko) Chrome/47.0.2526.106 Safari/537.36","(11) 5207-4207",55,Sousa,9/18/1998,17,Virgo,Visa,4532314851841431,394,5/2019,686.619.597-72,"1Z 5Y1 82W 65 7916 542 8",0755867827,27876237,Purple,"Department manager","Rack N Sack","1996 Seat Toledo",MakeoverHouses.com.br,A+,123.9,56.3,"5' 6""",168,626dad5e-6c46-499a-b018-7b95b6bbcf61,-23.617657,-46.569011
9,male,Brazil,Mr.,Miguel,C,Alves,"Avenida Saturnino de Brito 1259","João Pessoa",PB,Paraíba,58011-100,BR,Brazil,MiguelCastroAlves@jourrapide.com,Whirosed,tau2ChiephohSoo,"Mozilla/5.0 (Macintosh; Intel Mac OS X 10_11_2) AppleWebKit/537.36 (KHTML, like Gecko) Chrome/47.0.2526.106 Safari/537.36","(83) 2362-8108",55,Cavalcanti,7/15/2000,15,Cancer,MasterCard,5144286850643264,791,11/2017,101.041.512-34,"1Z 509 394 53 4754 859 9",5970282778,94656246,Blue,"Admissions officer","Magik Gray","2011 Audi R8",AthleteCream.com.br,O+,128.5,58.4,"5' 10""",178,1d1a07b7-cac2-4759-8db5-b2dea5cfd60c,-7.09237,-34.87151
10,male,Brazil,Mr.,Luís,C,Alves,"Praça Veríssimo de Melo 401",Macaé,RJ,"Rio de Janeiro",27913-100,BR,Brazil,LuisCunhaAlves@jourrapide.com,Selinglese,ahc6wooV,"Mozilla/5.0 (X11; Linux x86_64) AppleWebKit/537.36 (KHTML, like Gecko) Chrome/47.0.2526.106 Safari/537.36","(22) 7512-9819",55,Barros,10/23/2010,5,Scorpio,Visa,4539486614096165,764,4/2017,577.490.834-80,"1Z 943 568 60 7467 244 6",1994089274,77914719,Blue,"English to speakers of other languages teacher","Auto Works","2003 McLaren F1",StreamingFood.com.br,O+,46.4,21.1,"3' 9""",114,a7ac9dd6-6d70-451c-9a49-640e776c77ec,-22.29832,-41.966766
11,male,Brazil,Mr.,Victor,C,Souza,"Rua dos Catiribais 11",Araguaína,TO,Tocantins,77826-260,BR,Brazil,VictorCostaSouza@cuvox.de,Brohn1998,kie6maR3pe,"Mozilla/5.0 (Macintosh; Intel Mac OS X 10_11_2) AppleWebKit/601.3.9 (KHTML, like Gecko) Version/9.0.2 Safari/601.3.9","(63) 6894-4703",55,Fernandes,8/25/1998,17,Virgo,MasterCard,5250116070282918,618,1/2018,790.531.926-11,"1Z W09 992 67 7990 197 5",6514179967,52541255,Blue,Messenger,"Netcom Business Services","2005 Jeep Commander",SkinCancerGene.com.br,B+,140.6,63.9,"5' 10""",178,d2ae7160-366a-4283-896e-43788968afbb,-7.366491,-48.525063
12,male,Brazil,Mr.,Nicolas,R,Lima,"Rua Lirio 1798",Sabará,MG,"Minas Gerais",34525-480,BR,Brazil,NicolasRochaLima@einrot.com,Wispeas,wooKaos0c,"Mozilla/5.0 (Windows NT 6.1; WOW64; rv:43.0) Gecko/20100101 Firefox/43.0","(31) 7581-6865",55,Almeida,7/10/2006,9,Cancer,MasterCard,5197829876305396,803,1/2019,727.075.772-00,"1Z 325 156 02 7563 243 9",5688522290,02165896,Blue,"INS agent","County Seat","2009 Nissan 350Z",GoldLoyalty.com.br,B+,53.7,24.4,"4' 9""",145,28629592-ba16-4062-96fc-a865a89ce3db,-19.891173,-43.854871
13,female,Brazil,Ms.,Melissa,O,Souza,"Rua Carlos Alberto Moretti 130","São Paulo",SP,"São Paulo",02962-000,BR,Brazil,MelissaOliveiraSouza@jourrapide.com,Aphism,aiBaih5efo,"Mozilla/5.0 (Windows NT 6.3; WOW64) AppleWebKit/537.36 (KHTML, like Gecko) Chrome/47.0.2526.106 Safari/537.36","(11) 5724-6480",55,Rocha,4/12/2006,9,Aries,MasterCard,5304569269926784,538,2/2020,674.047.652-77,"1Z 616 417 77 6412 580 4",1341483653,11967984,Green,"Neonatal nurse","Handy Andy Home Improvement Center","2015 Ford Mustang",PalmBeachPro.com.br,AB+,50.4,22.9,"4' 0""",123,a7221e50-d7e3-422f-bc12-5ca4b07497ad,-23.618757,-46.587888
14,male,Brazil,Mr.,Caio,C,Alves,"Rua Olivedos 597",Guarulhos,SP,"São Paulo",07224-101,BR,Brazil,CaioCunhaAlves@einrot.com,Portelon09,nieb6Aequ,"Mozilla/5.0 (Windows NT 10.0; WOW64) AppleWebKit/537.36 (KHTML, like Gecko) Chrome/47.0.2526.106 Safari/537.36","(11) 4498-9260",55,Sousa,7/28/2009,6,Leo,Visa,4556146898922993,362,10/2019,661.169.007-71,"1Z 698 813 50 6372 297 6",4307499923,72248941,Blue,"Automated systems librarian","Jeans Unlimited","2010 Mazda CX-9",FloralWorkshops.com.br,O-,58.5,26.6,"3' 7""",108,0f63b4e7-c0af-4320-8a86-0521bec008ac,-23.399348,-46.429373
15,female,Brazil,Ms.,Thaís,F,Fernandes,"Quadra SHCGN 711 Bloco C 1021",Brasília,DF,"Distrito Federal",70750-763,BR,Brazil,ThaisFerreiraFernandes@dayrep.com,Huses1999,chaeb5Puth,"Mozilla/5.0 (X11; Linux x86_64) AppleWebKit/537.36 (KHTML, like Gecko) Chrome/47.0.2526.106 Safari/537.36","(61) 9784-2784",55,Ribeiro,7/15/1999,16,Cancer,MasterCard,5390609943261185,222,7/2019,943.184.768-04,"1Z 338 100 09 1678 001 8",6971068955,40471709,Purple,"Landscaping worker","Music Boutique","2000 Mitsubishi Verada",GroundTransfer.com.br,O+,149.4,67.9,"5' 8""",172,ecaa16c6-8f57-4ab2-9e14-848e5064471d,-15.890353,-47.583461
16,female,Brazil,Ms.,Leonor,A,Rodrigues,"Rua Santiago 111",Alvorada,RS,"Rio Grande do Sul",94824-130,BR,Brazil,LeonorAzevedoRodrigues@dayrep.com,Complis,oosh0sooG0,"Mozilla/5.0 (Windows NT 10.0; WOW64) AppleWebKit/537.36 (KHTML, like Gecko) Chrome/47.0.2526.106 Safari/537.36","(51) 9265-8261",55,Fernandes,6/27/2005,10,Cancer,MasterCard,5418119584805652,583,9/2017,458.216.880-94,"1Z 367 876 36 2766 769 2",8146734298,60261673,Green,"Civil drafter","The White Rabbit","1998 Tata Safari",GimmeGaming.com.br,A+,99.4,45.2,"4' 8""",143,098e9297-0ae6-41d8-9d98-3e0b21e0a04e,-29.927701,-50.964299
17,male,Brazil,Mr.,Guilherme,C,Dias,"Rua Campo Florido 1494","Ribeirão das Neves",MG,"Minas Gerais",33840-510,BR,Brazil,GuilhermeCarvalhoDias@dayrep.com,Fortaing,iel5Vahng7Ie,"Mozilla/5.0 (Macintosh; Intel Mac OS X 10_10_5) AppleWebKit/537.36 (KHTML, like Gecko) Chrome/47.0.2526.111 Safari/537.36","(31) 6203-2859",55,Carvalho,3/12/2004,11,Pisces,MasterCard,5333867978123585,446,9/2017,282.341.151-89,"1Z 408 474 88 3150 319 6",5673543568,59360922,Blue,Photogrammetrist,Mikrotechnic,"2012 Aston Martin DB9",PlumberMagazine.com.br,O-,78.3,35.6,"4' 10""",148,57012c06-eeda-4db5-bf82-92c26b72ff78,-19.78548,-44.107618
18,female,Brazil,Ms.,Sophia,B,Pinto,"Rua Acre 1617","Nova Iguaçu",RJ,"Rio de Janeiro",26040-610,BR,Brazil,SophiaBarrosPinto@armyspy.com,Utmacksmay00,quioL1eeth,"Mozilla/5.0 (Windows NT 6.1; WOW64) AppleWebKit/537.36 (KHTML, like Gecko) Chrome/47.0.2526.106 Safari/537.36","(21) 5867-5711",55,Martins,9/18/2000,15,Virgo,Visa,4716234483744506,115,3/2021,236.451.402-98,"1Z 232 298 61 1638 947 5",5010819830,00849287,Blue,"Casino cage worker","KG Menswear","2008 SsangYong Chairman H",RepFuel.com.br,A+,115.7,52.6,"5' 0""",153,8a80fcf4-4d57-48e5-a446-dfff4c46e7fb,-22.744533,-43.421166
19,female,Brazil,Ms.,Yasmin,G,Pereira,"Rua Bélgica 1581",Tupã,SP,"São Paulo",17604-380,BR,Brazil,YasminGoncalvesPereira@superrito.com,Examor,eleih2uNgo,"Mozilla/5.0 (Windows NT 10.0; WOW64) AppleWebKit/537.36 (KHTML, like Gecko) Chrome/47.0.2526.111 Safari/537.36","(14) 3918-4416",55,Goncalves,1/12/2009,7,Capricorn,Visa,4716467416576021,316,3/2021,633.623.340-59,"1Z 591 782 80 2743 809 2",7711001932,93334373,Brown,"Loss prevention agent","Red Fox Tavern","2004 Ferrari Maranello",DiscountAsphalt.com.br,A+,71.1,32.3,"3' 8""",112,284635e3-5e36-4530-8101-4fe46d1e73e5,-21.861692,-50.601904
20,female,Brazil,Mrs.,Sophia,A,Oliveira,"Rua Rio Mirim 1678","Jaboatão dos Guararapes",PE,Pernambuco,54140-642,BR,Brazil,SophiaAlmeidaOliveira@einrot.com,Plut2002,phei8faeH,"Mozilla/5.0 (Macintosh; Intel Mac OS X 10_9_5) AppleWebKit/537.36 (KHTML, like Gecko) Chrome/47.0.2526.111 Safari/537.36","(81) 2362-9533",55,Cunha,9/2/2002,13,Virgo,Visa,4556436347812808,763,1/2017,184.109.249-51,"1Z 9Y2 E87 21 5433 963 0",8872471558,99718899,Purple,"Water transportation occupation","J. K. Gill Company","1997 Dodge Avenger",MafiaWeekly.com.br,A+,115.3,52.4,"5' 2""",158,e72c7ab5-bb24-4e72-83a1-c49b118141e1,-8.05281,-35.035424
21,female,Brazil,Ms.,Isabela,C,Souza,"Praça Professor José Dário Soares 582",Fortaleza,CE,Ceará,60810-380,BR,Brazil,IsabelaCavalcantiSouza@rhyta.com,Lathand,shi2eafuJ,"Mozilla/5.0 (Macintosh; Intel Mac OS X 10.11; rv:43.0) Gecko/20100101 Firefox/43.0","(85) 3648-9305",55,Silva,6/1/1998,17,Gemini,Visa,4532463054835136,790,3/2020,486.692.113-78,"1Z 2E9 433 20 3393 688 3",1379724694,57571942,Purple,"Administrative services director","Frame Scene","2009 Mazda MX-5 Miata",PongChallenge.com.br,B+,108.9,49.5,"5' 9""",175,2539a83c-072e-49b4-b674-745a53cb8003,-3.766195,-38.624058
22,male,Brazil,Mr.,Diogo,B,Rodrigues,"Rua Geraldo Moreira Chacon 1801",Londrina,PR,Paraná,86082-770,BR,Brazil,DiogoBarbosaRodrigues@dayrep.com,Abbeakeek,Ooph6uuz6g,"Mozilla/5.0 (X11; Fedora; Linux x86_64; rv:43.0) Gecko/20100101 Firefox/43.0","(43) 2949-8210",55,Ferreira,8/2/2000,15,Leo,Visa,4556489474714412,948,12/2017,922.180.766-59,"1Z 790 035 99 3552 331 3",6959903202,44902579,Blue,"Department manager","H. J. Wilson & Company","2009 Fiat Grande Punto",TripleTaxes.com.br,B+,121.0,55.0,"5' 2""",157,c43a1714-0af8-40a6-bd94-064e879be27c,-23.61912,-51.042993
23,female,Brazil,Ms.,Leonor,C,Gomes,"Quadra Quadra 166 1345",Luziânia,GO,Goiás,72859-166,BR,Brazil,LeonorCorreiaGomes@dayrep.com,Xylaw2008,yaewuZ6ua,"Mozilla/5.0 (Windows NT 6.1; WOW64) AppleWebKit/537.36 (KHTML, like Gecko) Chrome/47.0.2526.111 Safari/537.36","(61) 5284-5542",55,Alves,7/1/2008,7,Cancer,MasterCard,5167674005314885,251,1/2020,591.285.699-20,"1Z 181 630 30 0540 254 5",3708924832,95380656,Green,"Forensic nurse","Crafts Canada","2005 Mercury Sable",EmploymentCourses.com.br,A+,45.8,20.8,"3' 9""",115,eb020380-01e7-456c-a086-d4e14fff00e0,-16.565529,-47.979185
24,male,Brazil,Mr.,Mateus,C,Ferreira,"Rua Santa Maria Goretti 1305",Juazeiro,BA,Bahia,48904-380,BR,Brazil,MateusCostaFerreira@teleworm.us,Wallecurese,shuV8chaeGee,"Mozilla/5.0 (Windows NT 10.0; Win64; x64) AppleWebKit/537.36 (KHTML, like Gecko) Chrome/47.0.2526.106 Safari/537.36","(74) 6446-3397",55,Costa,4/2/2004,11,Aries,Visa,4485210248521412,891,8/2017,279.258.587-02,"1Z 873 488 06 0160 047 9",7641084198,76118257,Green,"Food preparation worker","King Carol","1996 Renault Twingo",SatelliteSeminars.com.br,A+,105.6,48.0,"4' 6""",137,33c5e9b3-ffcc-4396-89e4-ac222b1c2537,-9.31347,-40.268175
25,male,Brazil,Mr.,Julian,S,Costa,"Rua Horácio de Carvalho Júnior 1964","Rio de Janeiro",RJ,"Rio de Janeiro",23058-380,BR,Brazil,JulianSouzaCosta@teleworm.us,Nied1998,leitheu5eiGh,"Mozilla/5.0 (Windows NT 10.0; WOW64) AppleWebKit/537.36 (KHTML, like Gecko) Chrome/47.0.2526.106 Safari/537.36","(21) 5751-8614",55,Cavalcanti,5/7/1998,17,Taurus,Visa,4916804537172652,751,1/2018,883.687.520-35,"1Z 909 W29 99 3256 121 0",3220710917,64922022,Blue,"Fire investigator","Jack Lang","2012 GMC Terrain",GolfCleaner.com.br,B+,141.0,64.1,"5' 5""",164,601fd79d-9307-4081-9fb3-b0ec8b799937,-22.856703,-43.274645
26,female,Brazil,Mrs.,Isabelle,R,Melo,"Rua Durval Guerra de Azevedo 1710","São Paulo",SP,"São Paulo",05852-440,BR,Brazil,IsabelleRibeiroMelo@cuvox.de,Sicks1998,shii9queiGh,"Mozilla/5.0 (Windows NT 6.1; WOW64) AppleWebKit/537.36 (KHTML, like Gecko) Chrome/47.0.2526.106 Safari/537.36","(11) 8675-5618",55,Pinto,12/20/1998,17,Sagittarius,MasterCard,5318561834094804,310,10/2021,646.340.003-34,"1Z 8Y2 0Y8 19 7210 868 2",8427804848,54461691,Purple,"Vending machine repairer","American Appliance","2003 Volkswagen Touareg",ShotInsurance.com.br,B+,153.8,69.9,"5' 0""",152,75f03709-52ed-4056-aafc-b93e29f14e1d,-23.662549,-46.732612
27,female,Brazil,Ms.,Leonor,P,Lima,"2ª Travessa Gil Maranhão 50","São Lourenço da Mata",PE,Pernambuco,54730-350,BR,Brazil,LeonorPintoLima@fleckens.hu,Fourpece,aiquai1Fai,"Mozilla/5.0 (Windows NT 6.1; WOW64) AppleWebKit/537.36 (KHTML, like Gecko) Chrome/47.0.2526.106 Safari/537.36","(81) 2557-3813",55,Rodrigues,11/22/2005,10,Sagittarius,MasterCard,5386277268699615,850,3/2020,470.957.080-96,"1Z 6Y7 04A 03 8412 289 7",8155055060,67409021,Silver,"Content editor",Zantigo,"1999 BMW 740",Futster.com.br,O+,102.5,46.6,"4' 9""",145,4cf8718d-3d34-4475-bc1c-58ed163767a7,-7.913655,-35.092648
28,female,Brazil,Ms.,Tânia,A,Sousa,"Rua Paulo Prado 1386",Valinhos,SP,"São Paulo",13277-410,BR,Brazil,TaniaAzevedoSousa@superrito.com,Wifulated,aixee6yu6Phu,"Mozilla/5.0 (Macintosh; Intel Mac OS X 10_11_2) AppleWebKit/537.36 (KHTML, like Gecko) Chrome/47.0.2526.111 Safari/537.36","(19) 4637-3347",55,Pinto,8/2/2005,10,Leo,MasterCard,5250666238492858,654,8/2021,578.499.189-24,"1Z 676 403 88 1231 783 7",4406753326,54447549,Purple,"Laboratory animal technologist","Strategy Planner","2010 Peugeot 807",MovieNumbers.com.br,O+,73.7,33.5,"4' 5""",135,10e72df4-fcbf-404e-975d-e71ab3e0f571,-22.942063,-46.959271
29,male,Brazil,Mr.,Kauan,R,Silva,"Rua Tenente Wendel Quaranta 655",Aracaju,SE,Sergipe,49052-260,BR,Brazil,KauanRibeiroSilva@einrot.com,Ansenuter,oojohc2Xi,"Mozilla/5.0 (Windows NT 6.3; WOW64; rv:43.0) Gecko/20100101 Firefox/43.0","(79) 5514-5890",55,Oliveira,8/20/2000,15,Leo,MasterCard,5165083390182646,397,1/2017,883.865.142-64,"1Z F41 A93 07 1188 955 4",2629299601,96835116,White,Toolmaker,"Envirotecture Design","2010 Lincoln Town Car",FaxManual.com.br,O+,135.1,61.4,"5' 11""",180,9dfbe23a-ff46-4499-9ca8-f7aebcb4755a,-11.072688,-37.005703
30,male,Brazil,Mr.,Alex,M,Cardoso,"Avenida Curitiba 764",Araucária,PR,Paraná,83701-420,BR,Brazil,AlexMeloCardoso@fleckens.hu,Adaund2003,ahVo4ahm6x,"Mozilla/5.0 (Windows NT 10.0; WOW64) AppleWebKit/537.36 (KHTML, like Gecko) Chrome/47.0.2526.106 Safari/537.36","(41) 7788-8653",55,Castro,9/30/2003,12,Libra,MasterCard,5374470846839563,505,6/2019,297.920.865-52,"1Z 114 575 73 8428 603 0",1390289994,97754472,Green,"Employee development specialist","Gamma Gas","2005 Mercedes-Benz E500",AdvertisementDisplay.com.br,A+,126.7,57.6,"4' 10""",148,47723847-dc47-4aaa-b1dc-dbb161feb110,-25.601843,-49.451743
31,female,Brazil,Ms.,Luiza,C,Dias,"Rua Demétrio Ribeiro 1353","Santana do Livramento",RS,"Rio Grande do Sul",97572-670,BR,Brazil,LuizaCavalcantiDias@fleckens.hu,Difter,AoR3miaN2,"Mozilla/5.0 (Windows NT 10.0; WOW64) AppleWebKit/537.36 (KHTML, like Gecko) Chrome/47.0.2526.106 Safari/537.36","(55) 8090-2539",55,Almeida,1/23/2004,12,Aquarius,MasterCard,5542931651385973,350,10/2020,621.912.873-79,"1Z E24 102 04 7504 513 4",2351767621,40181312,Blue,"Telephone station installer","Omni Architectural Designs","1999 Jeep Wrangler",DeliveryTax.com.br,O+,141.2,64.2,"4' 10""",148,c7c1fde1-efa5-4947-8b15-8cbee681d4e8,-30.761836,-55.546855
32,male,Brazil,Mr.,Gabriel,F,Correia,"Travessa Imperatriz 1576","Campo Grande",MS,"Mato Grosso do Sul",79083-440,BR,Brazil,GabrielFernandesCorreia@armyspy.com,Milise,eeLee5lu,"Mozilla/5.0 (Macintosh; Intel Mac OS X 10_11_2) AppleWebKit/601.3.9 (KHTML, like Gecko) Version/9.0.2 Safari/601.3.9","(67) 3532-4054",55,Martins,5/31/2002,13,Gemini,Visa,4929629783929058,815,4/2021,818.757.382-15,"1Z 6F9 Y65 77 7395 515 9",4822009545,23169281,Blue,Superintendent,"Life Map","2008 Dacia Logan",TacomaHandyman.com.br,O+,99.2,45.1,"4' 9""",146,78102aac-9c3c-4cae-8177-0f538af85d85,-21.006104,-54.278099
33,female,Brazil,Mrs.,Laura,S,Lima,"Rua José de Melo 1294",Aracaju,SE,Sergipe,49070-230,BR,Brazil,LauraSousaLima@rhyta.com,Decong,Aejaez7zah,"Mozilla/5.0 (Windows NT 6.1) AppleWebKit/537.36 (KHTML, like Gecko) Chrome/47.0.2526.106 Safari/537.36","(79) 8491-3284",55,Martins,3/4/2004,11,Pisces,Visa,4929352126031843,302,4/2019,463.078.430-63,"1Z 531 743 48 2618 834 0",6713409875,09171535,Green,"Dental ceramist","L' Fish","2007 Proton Gen",PrescriptionShampoo.com.br,O+,123.6,56.2,"4' 4""",133,dbfe11bc-7adb-4184-a15d-d2d2793d202b,-10.972203,-37.185298
34,female,Brazil,Mrs.,Sophia,M,Rocha,"Rua Juvenal Vasconcellos 1659",Sumaré,SP,"São Paulo",13173-060,BR,Brazil,SophiaMartinsRocha@jourrapide.com,Whate2008,aiKae2eel2Sh,"Mozilla/5.0 (Windows NT 10.0; WOW64) AppleWebKit/537.36 (KHTML, like Gecko) Chrome/48.0.2564.97 Safari/537.36","(19) 9340-7842",55,Melo,12/3/2008,7,Sagittarius,MasterCard,5353894393282494,539,6/2018,754.900.165-07,"1Z 696 856 20 1567 627 1",7956778625,39634210,Purple,Cardiologist,"Beefsteak Charlie's","2005 Mitsubishi Colt",BlackjackSpecialist.com.br,A+,44.4,20.2,"3' 11""",120,3535e29a-4cba-4a3d-939a-3579759dd596,-22.781461,-47.183561
35,male,Brazil,Mr.,Erick,S,Cavalcanti,"Avenida Brasil 445","Governador Valadares",MG,"Minas Gerais",35020-070,BR,Brazil,ErickSousaCavalcanti@cuvox.de,Rusequithe,Wuig4EiHox,"Mozilla/5.0 (Macintosh; Intel Mac OS X 10_11_2) AppleWebKit/537.36 (KHTML, like Gecko) Chrome/47.0.2526.111 Safari/537.36","(33) 2900-7127",55,Pinto,4/16/2010,5,Aries,Visa,4532619536305002,314,4/2021,232.268.941-61,"1Z 720 489 49 6214 394 9",9341448997,09189592,Blue,"Abdominal sonographer","Prahject Planner","2003 Mahindra Scorpio",OrderRadio.com.br,B+,43.3,19.7,"3' 5""",104,860dd468-82d1-42ac-925d-5eb04ddd1abc,-18.829873,-42.08141
36,male,Brazil,Mr.,Kauã,M,Ferreira,"Travessa Galacia 1470","Rio de Janeiro",RJ,"Rio de Janeiro",22772-480,BR,Brazil,KauaMeloFerreira@superrito.com,Alibbeiver,aVeelohd5ei,"Mozilla/5.0 (Windows NT 10.0; Win64; x64) AppleWebKit/537.36 (KHTML, like Gecko) Chrome/46.0.2486.0 Safari/537.36 Edge/13.10586","(21) 5456-6692",55,Goncalves,1/2/2006,10,Capricorn,MasterCard,5500339413738903,917,1/2018,852.569.762-14,"1Z 527 625 33 1614 450 6",1138877463,61462284,Blue,"Education and development manager",Furrow's,"2009 BMW X3",MontanaStateTaxes.com.br,A+,86.7,39.4,"4' 8""",143,5a8a31eb-2d2e-4009-886d-a63d3d7228d9,-22.885625,-43.342994
37,female,Brazil,Mrs.,Bruna,S,Correia,"Praça Carlos Batalha 454",Salvador,BA,Bahia,41940-860,BR,Brazil,BrunaSouzaCorreia@teleworm.us,Amentem,ga7Faedah4ai,"Mozilla/5.0 (Windows NT 6.1) AppleWebKit/537.36 (KHTML, like Gecko) Chrome/47.0.2526.106 Safari/537.36","(71) 4116-7090",55,Azevedo,10/16/2000,15,Libra,Visa,4539902095402359,243,11/2020,220.965.345-26,"1Z E54 299 52 5175 827 8",7518879645,29979240,Purple,Musician,"Ruehl No. 925","1998 Lotus Elise",MingEquity.com.br,B-,90.4,41.1,"5' 7""",171,58dcc04f-ea63-4175-ada6-920d748830ca,-12.772522,-38.408542
38,male,Brazil,Mr.,Erick,M,Barros,"Travessa Cesare Crivellati 615","São Paulo",SP,"São Paulo",03989-015,BR,Brazil,ErickMeloBarros@teleworm.us,Squished07,jooG2tah7,"Mozilla/5.0 (Macintosh; Intel Mac OS X 10_9_5) AppleWebKit/537.36 (KHTML, like Gecko) Chrome/47.0.2526.106 Safari/537.36","(11) 7518-4887",55,Martins,7/10/2007,8,Cancer,Visa,4485286645004889,426,2/2020,714.775.631-21,"1Z 267 408 35 5267 356 5",6702896179,62486325,Blue,"Benefits clerk","Tower Records","2007 Audi A6",LeadDistributor.com.br,B+,55.4,25.2,"4' 5""",134,e7c61ef7-3710-451f-955a-ce2c4ce609ec,-23.695122,-46.621732
39,female,Brazil,Mrs.,Eduarda,R,Souza,"Rua Dona Luzia 332","Rio de Janeiro",RJ,"Rio de Janeiro",20551-440,BR,Brazil,EduardaRochaSouza@dayrep.com,Soults08,phu4ooh9Ochae,"Mozilla/5.0 (Windows NT 10.0; WOW64) AppleWebKit/537.36 (KHTML, like Gecko) Chrome/47.0.2526.111 Safari/537.36","(21) 2470-3322",55,Cavalcanti,7/16/2008,7,Cancer,MasterCard,5106326581758514,854,2/2019,928.951.578-39,"1Z 3V6 8A1 85 5709 102 4",5576211512,51258058,Purple,"Technical support specialist","Envirotecture Design Service","2008 Lexus LX",CorpContracts.com.br,A+,62.3,28.3,"4' 1""",124,547bc79a-8874-4df0-83e6-ea518e92a173,-22.88602,-43.35532
40,male,Brazil,Mr.,Vitor,M,Cunha,"Rua Embaixador Regis de Oliveira 207","Rio de Janeiro",RJ,"Rio de Janeiro",20031-030,BR,Brazil,VitorMeloCunha@rhyta.com,Vold2006,elah2Iewai,"Mozilla/5.0 (Windows NT 6.1; WOW64) AppleWebKit/537.36 (KHTML, like Gecko) Chrome/48.0.2564.97 Safari/537.36","(21) 5421-4040",55,Rodrigues,8/27/2006,9,Virgo,MasterCard,5543540212209314,809,4/2020,218.297.468-71,"1Z 094 795 95 0386 440 4",0540369730,33934926,Blue,"School librarian","Super Duper","2010 Kia Rio",FremontInsuranceAgent.com.br,A+,60.7,27.6,"4' 6""",138,497d0089-530c-42e9-988c-40d51be49d6a,-22.856464,-43.327544
41,male,Brazil,Mr.,Vitór,S,Rodrigues,"Rua Margarida Ferreira 138",Barbacena,MG,"Minas Gerais",36202-740,BR,Brazil,VitorSousaRodrigues@fleckens.hu,Famort,oD1aeS1qu,"Mozilla/5.0 (Macintosh; Intel Mac OS X 10_10_5) AppleWebKit/537.36 (KHTML, like Gecko) Chrome/47.0.2526.111 Safari/537.36","(32) 4366-8766",55,Rodrigues,4/26/2009,6,Taurus,MasterCard,5324826864343096,874,3/2018,738.834.591-43,"1Z 956 8E3 02 0067 660 1",1124082473,49604883,Green,"Welding machine tender","Highland Appliance","2003 Jaguar XJ",StrictlyChairs.com.br,O+,48.4,22.0,"4' 0""",122,27788ae5-bf86-436b-b361-20038de79448,-21.172727,-43.816327
42,female,Brazil,Ms.,Luiza,M,Barbosa,"Rua Frei Gabriel Zimmer 1896",Blumenau,SC,"Santa Catarina",89035-510,BR,Brazil,LuizaMeloBarbosa@einrot.com,Knownfass,doh4yaNg5uph,"Mozilla/5.0 (compatible; MSIE 9.0; Windows NT 6.1; Trident/5.0; Trident/5.0)","(47) 4729-4425",55,Pinto,12/7/2007,8,Sagittarius,MasterCard,5435939565024398,645,9/2019,625.823.426-70,"1Z F09 086 17 5915 238 2",0955883041,86986499,Brown,"Enrichment education instructor","Audio Visions","1995 Oldsmobile Bravada",FinancialAct.com.br,A+,43.8,19.9,"4' 0""",123,05b5e33c-e20f-4485-860b-fc40b2f18322,-26.851983,-49.089329
43,female,Brazil,Ms.,Brenda,S,Silva,"Rua Pedro Vicente Mário Gallo 118","São Paulo",SP,"São Paulo",03060-027,BR,Brazil,BrendaSousaSilva@einrot.com,Drery2003,Aidae9quie,"Mozilla/5.0 (Windows NT 10.0; WOW64; rv:44.0) Gecko/20100101 Firefox/44.0","(11) 9336-4242",55,Santos,6/10/2003,12,Gemini,MasterCard,5377058003950138,792,1/2019,873.175.250-06,"1Z W69 318 01 6431 598 3",7915936307,48575836,Purple,"Elevator installer","Gold Leaf Garden Management","2015 Porsche Cayman",PodPark.com.br,B+,142.3,64.7,"4' 6""",137,8af5a6ce-40dd-4a93-851d-2b97c4b81ad6,-23.558491,-46.577725
44,male,Brazil,Mr.,André,A,Carvalho,"Rua Rio Jaicós 973",Recife,PE,Pernambuco,51340-370,BR,Brazil,AndreAlvesCarvalho@fleckens.hu,Thopity,ja4Chah3oh,"Mozilla/5.0 (Macintosh; Intel Mac OS X 10.11; rv:43.0) Gecko/20100101 Firefox/43.0","(81) 5581-2734",55,Ribeiro,7/21/2002,13,Cancer,Visa,4556940577943308,563,8/2020,626.694.483-99,"1Z E20 734 52 3248 478 6",8149009100,14517864,Blue,"Greenhouse manager","Lawnscape Garden Maintenance","1999 Toyota Land Cruiser",ResumeBinder.com.br,A+,85.1,38.7,"4' 9""",145,ca579ce1-8162-4052-a585-0a2c054ecffe,-8.094729,-35.04103
45,female,Brazil,Ms.,Bianca,P,Araujo,"Rua JA 199",Contagem,MG,"Minas Gerais",32370-470,BR,Brazil,BiancaPereiraAraujo@teleworm.us,Dinge2005,reiheeP8,"Mozilla/5.0 (Windows NT 6.3; WOW64; rv:43.0) Gecko/20100101 Firefox/43.0","(31) 7982-2806",55,Carvalho,7/16/2005,10,Cancer,MasterCard,5187671778141988,616,5/2019,162.501.243-81,"1Z 746 434 04 3021 598 7",8246015086,04294493,Purple,"Aircraft engineer","Reliable Guidance","2006 Chrysler Pacifica",PopMetro.com.br,A+,78.5,35.7,"4' 10""",148,56948385-8d36-43c5-8007-460fdf32d3c2,-19.851796,-44.065302
46,male,Brazil,Mr.,Rafael,A,Fernandes,"Rua João Cirino 1943",Campinas,SP,"São Paulo",13067-180,BR,Brazil,RafaelAzevedoFernandes@armyspy.com,Hunisgung,Chaeyu3ohSh,"Mozilla/5.0 (Windows NT 10.0; WOW64) AppleWebKit/537.36 (KHTML, like Gecko) Chrome/47.0.2526.111 Safari/537.36","(19) 8612-9493",55,Souza,9/16/2004,11,Virgo,MasterCard,5494750762672220,647,7/2018,282.720.032-52,"1Z 8F1 721 41 2613 763 9",2519999183,81708351,Brown,Zookeeper,"Independent Wealth Management","1995 Rolls-Royce Silver Spirit",EmploymentBrief.com.br,A+,97.5,44.3,"4' 9""",144,a3415148-2d16-4861-8452-1e4f545908cf,-22.872036,-47.092857
47,male,Brazil,Mr.,Mateus,C,Sousa,"Rua Sete 545","Duque de Caxias",RJ,"Rio de Janeiro",25255-136,BR,Brazil,MateusCostaSousa@rhyta.com,Annes1998,Eichae6iegh,"Mozilla/5.0 (Windows NT 6.3; WOW64) AppleWebKit/537.36 (KHTML, like Gecko) Chrome/48.0.2564.97 Safari/537.36","(21) 4498-2848",55,Araujo,7/11/1998,17,Cancer,Visa,4532088296185204,756,12/2021,640.539.345-32,"1Z 425 563 16 4950 133 8",0842039501,91911856,Orange,"Lead abatement worker","The Lawn Guru","2010 Hyundai ix20",OpenProtection.com.br,A-,167.2,76.0,"5' 9""",176,16626bf6-3db8-4bcb-8b7a-95e752366252,-22.623423,-43.269967
48,male,Brazil,Mr.,Miguel,R,Dias,"Travessa São Luiz 103","João Pessoa",PB,Paraíba,58085-155,BR,Brazil,MiguelRodriguesDias@superrito.com,Newo2007,beivia6Sh,"Mozilla/5.0 (Windows NT 6.1; WOW64; Trident/7.0; rv:11.0) like Gecko","(83) 4807-6750",55,Alves,12/30/2007,8,Capricorn,Visa,4716581334080369,885,4/2017,886.316.955-13,"1Z 311 873 48 3089 509 3",1108816349,37249407,Blue,"Public finance economist","The Flying Hippo ","2009 Dodge Grand Caravan",RaftingSales.com.br,O+,55.9,25.4,"4' 2""",126,6f34205e-2e1d-447e-bf16-40a27cf0f89f,-7.244131,-34.840642
49,male,Brazil,Mr.,Vinícius,S,Souza,"Rua dos Gerentes 1649",Itaquaquecetuba,SP,"São Paulo",08580-040,BR,Brazil,ViniciusSilvaSouza@jourrapide.com,Stran2007,sochae1Hae,"Mozilla/5.0 (Windows NT 6.1; WOW64; rv:38.0) Gecko/20100101 Firefox/38.0","(11) 7560-7462",55,Souza,10/21/2007,8,Libra,Visa,4929675217982627,381,9/2021,821.070.216-51,"1Z 677 W42 41 7862 965 2",0188515717,27011249,Blue,"Airbrush artist","Red Baron Electronics","2005 Seat Ibiza",LampExchange.com.br,O+,51.5,23.4,"4' 4""",133,43a480a4-f5f3-4269-bad3-5326a7df6a97,-23.43957,-46.295133
50,female,Brazil,Mrs.,Marina,P,Ribeiro,"Travessa Sergipe 237","Rio Grande",RS,"Rio Grande do Sul",96202-290,BR,Brazil,MarinaPintoRibeiro@rhyta.com,Quould,Eemei6Iw4v,"Mozilla/5.0 (Macintosh; Intel Mac OS X 10_11_2) AppleWebKit/537.36 (KHTML, like Gecko) Chrome/47.0.2526.106 Safari/537.36","(53) 7279-4459",55,Gomes,11/26/2002,13,Sagittarius,Visa,4716084291816610,499,11/2019,606.188.118-50,"1Z 734 F72 97 0533 741 0",9137812661,96422848,Green,"Material moving occupation","Magik Gray","2009 Hyundai Elantra",InvestmentSupply.com.br,A+,132.9,60.4,"5' 5""",164,4fc3701e-7b74-4d64-bcdb-2fafe31df45d,-32.169279,-52.346844
51,male,Brazil,Mr.,Marcos,S,Carvalho,"Rua Paulo Setúbal 661","Praia Grande",SP,"São Paulo",11713-470,BR,Brazil,MarcosSouzaCarvalho@cuvox.de,Hicithore,shae8OhWaiph,"Mozilla/5.0 (X11; Ubuntu; Linux x86_64; rv:43.0) Gecko/20100101 Firefox/43.0","(13) 3924-7159",55,Fernandes,6/15/1999,16,Gemini,Visa,4532799869417275,514,7/2017,321.306.798-97,"1Z 486 529 38 5641 196 1",4700932390,91389878,Blue,"Addictions nurse","Grade A Investment","2008 Audi TT",FeedbackWelcome.com.br,A+,183.9,83.6,"5' 9""",175,1433e8d6-b39d-4a26-9ecb-9dd81237019e,-23.917659,-46.394551
52,female,Brazil,Mrs.,Yasmin,C,Ribeiro,"Rua Estrela Guia 1156","Belo Horizonte",MG,"Minas Gerais",31870-200,BR,Brazil,YasminCastroRibeiro@armyspy.com,Excleciall,aiM0mahx0H,"Mozilla/5.0 (Windows NT 6.1; WOW64; rv:43.0) Gecko/20100101 Firefox/43.0","(31) 9033-7189",55,Santos,10/30/1998,17,Scorpio,Visa,4485381412431298,797,9/2020,880.808.284-90,"1Z 599 120 95 8355 933 8",6140544288,27381859,Blue,"Technical sales manager","Record World","2003 Alfa Romeo Kamal",PaymentJournal.com.br,B+,130.7,59.4,"5' 7""",169,e681dd3f-d806-47e3-a3c0-b19a8f5efc5c,-19.967323,-43.983149
53,male,Brazil,Mr.,Danilo,R,Carvalho,"Praça Lópes Ribeiro 705","Rio de Janeiro",RJ,"Rio de Janeiro",21032-120,BR,Brazil,DaniloRibeiroCarvalho@teleworm.us,Smandertne,ai0aaZol,"Mozilla/5.0 (Windows NT 6.1; WOW64; rv:44.0) Gecko/20100101 Firefox/44.0","(21) 2134-7267",55,Alves,6/5/2007,8,Gemini,Visa,4916725274060836,422,10/2017,660.383.415-44,"1Z 3F8 137 29 3080 100 9",2978620966,24990927,White,"Camp counselor","Cellophane Square","1998 Daewoo Prince",SoloShower.com.br,B+,48.4,22.0,"4' 7""",139,a04eb7be-6449-4bb6-9e95-e617a8519f95,-22.911793,-43.379217
54,female,Brazil,Mrs.,Leonor,S,Araujo,"Rua Juracy Magalhães 1510",Salvador,BA,Bahia,40310-420,BR,Brazil,LeonorSantosAraujo@fleckens.hu,Theare,duuteB0f,"Mozilla/5.0 (Windows NT 6.1; WOW64; rv:43.0) Gecko/20100101 Firefox/43.0","(71) 2160-4361",55,Correia,8/4/2005,10,Leo,MasterCard,5106659164898954,578,6/2019,191.388.124-52,"1Z 916 V20 11 5926 457 9",4309663535,09196036,Blue,"Paper goods operator",Stratagee,"1999 Aston Martin Vantage",WirelessFinland.com.br,B+,110.0,50.0,"4' 6""",137,c25d8634-ff28-42c4-b965-ef413b3d40f0,-12.915398,-38.398396
55,male,Brazil,Mr.,Enzo,S,Cunha,"Rua Olívia Francisca Bruno 830","Barra Mansa",RJ,"Rio de Janeiro",27340-470,BR,Brazil,EnzoSilvaCunha@jourrapide.com,Ponot2003,ieLoqu7Vo,"Mozilla/5.0 (Macintosh; Intel Mac OS X 10_11_3) AppleWebKit/537.36 (KHTML, like Gecko) Chrome/47.0.2526.111 Safari/537.36","(24) 8139-2242",55,Gomes,6/20/2003,12,Gemini,Visa,4556290287933524,083,2/2018,708.595.828-68,"1Z 774 895 21 0576 020 9",6961565837,40491556,Black,"Insulation worker",Strongbod,"2002 Lexus Minority Report",TutorTag.com.br,O+,123.6,56.2,"5' 3""",160,d3059aae-0690-4fdb-88e9-b58ab9c59ee0,-22.491944,-44.276111
56,female,Brazil,Mrs.,Sarah,S,Gomes,"Rua José Miguel Castello 543","São Paulo",SP,"São Paulo",05761-300,BR,Brazil,SarahSantosGomes@einrot.com,Thouthe,giajohRee2t,"Mozilla/5.0 (Windows NT 6.1) AppleWebKit/537.36 (KHTML, like Gecko) Chrome/47.0.2526.106 Safari/537.36","(11) 3732-9114",55,Barbosa,9/4/2001,14,Virgo,Visa,4485054946940106,123,12/2018,767.024.041-58,"1Z 307 2V7 20 3829 403 4",8787607038,76488762,Silver,Sampler,"Landskip Yard Service","1999 GMC Sonoma",CreditShares.com.br,A+,142.3,64.7,"5' 1""",155,b678ba64-02d4-45ce-aeaa-ccaebd5a9b5c,-23.601703,-46.604962
57,female,Brazil,Mrs.,Tânia,F,Cardoso,"Rua Alberto Miranda 1534","São Luís",MA,Maranhão,65042-610,BR,Brazil,TaniaFernandesCardoso@superrito.com,Colened,ohch0aec8Ee,"Mozilla/5.0 (Windows NT 6.3; WOW64) AppleWebKit/537.36 (KHTML, like Gecko) Chrome/47.0.2526.106 Safari/537.36","(98) 8592-2421",55,Gomes,8/30/2009,6,Virgo,MasterCard,5577801131317565,517,10/2020,210.665.429-45,"1Z 6F5 462 72 0496 983 8",9944885456,86070227,Red,"Gas plant operator",Judy's,"2007 Honda Accord",VoiceScar.com.br,O+,52.6,23.9,"3' 6""",106,b995c71b-7eab-47ef-a905-616bf13d9cbf,-2.712941,-44.349641
58,female,Brazil,Mrs.,Lavinia,S,Rodrigues,"Rua Lourenço Jampaulo 779",Campinas,SP,"São Paulo",13070-097,BR,Brazil,LaviniaSilvaRodrigues@teleworm.us,Pitions2001,Gu7ohph2ee,"Mozilla/5.0 (Macintosh; Intel Mac OS X 10_11_2) AppleWebKit/601.3.9 (KHTML, like Gecko) Version/9.0.2 Safari/601.3.9","(19) 4892-6162",55,Melo,1/8/2001,15,Capricorn,MasterCard,5295429710236658,385,12/2021,909.435.528-00,"1Z 78V 807 89 5277 270 2",8676601718,42068783,Yellow,Tilesetter,"Golden Joy","2001 Peugeot 607",AddictionReview.com.br,A+,121.0,55.0,"5' 3""",160,4d150d0d-a56b-4df5-bed6-644908e0bf9d,-22.815164,-47.0341
59,female,Brazil,Ms.,Isabelle,R,Melo,"Rua Esmirna 1522",Joinville,SC,"Santa Catarina",89231-740,BR,Brazil,IsabelleRochaMelo@superrito.com,Saill2003,Ush8yoh8ong,"Mozilla/5.0 (Macintosh; Intel Mac OS X 10_11_2) AppleWebKit/601.3.9 (KHTML, like Gecko) Version/9.0.2 Safari/601.3.9","(47) 8645-3408",55,Cunha,1/17/2003,13,Capricorn,Visa,4716585696292090,888,10/2019,992.930.619-61,"1Z V16 638 87 5135 467 2",2546284277,71049171,Yellow,"Milling and planing machine tender","David Weis","2004 Nissan Avenir",GamblingJourney.com.br,O+,131.8,59.9,"4' 11""",149,c871cbc7-6b21-4ad2-9ba3-166e6992b13d,-26.255329,-48.926999
60,female,Brazil,Ms.,Emilly,G,Dias,"Avenida Voluntário Vitoriano Borges 962",Pindamonhangaba,SP,"São Paulo",12410-130,BR,Brazil,EmillyGomesDias@gustr.com,Clichis,Le6aov6zai,"Mozilla/5.0 (X11; Linux x86_64; rv:43.0) Gecko/20100101 Firefox/43.0","(12) 3285-7270",55,Sousa,9/11/2003,12,Virgo,Visa,4929042492192614,911,7/2018,432.840.521-78,"1Z 45V 788 50 3240 964 0",4948697676,28383724,Green,"Lead abatement worker","Stop and Shop","2010 Mitsubishi Lancer",DealerSpiff.com.br,O+,131.1,59.6,"5' 1""",155,9c997b94-fc2a-41f0-b450-419e7da06a8c,-22.832856,-45.481204
61,male,Brazil,Mr.,Thiago,A,Silva,"Rua Ribeirinho 1354",Toledo,PR,Paraná,85909-197,BR,Brazil,ThiagoAraujoSilva@jourrapide.com,Lifets,eiz2Rahc,"Mozilla/5.0 (Macintosh; Intel Mac OS X 10_11_2) AppleWebKit/537.36 (KHTML, like Gecko) Chrome/47.0.2526.106 Safari/537.36","(45) 7991-3772",55,Melo,2/22/1998,17,Pisces,MasterCard,5283140537383599,831,1/2021,332.969.861-62,"1Z A68 E53 07 7376 760 5",9519172655,87552927,Green,"Financial analyst",SoundTrack,"2005 Pontiac Bonneville",MarathonDancing.com.br,O+,159.9,72.7,"5' 11""",181,57567046-1ffd-4903-9ba2-3eb679b037db,-24.825563,-53.82158
62,female,Brazil,Ms.,Melissa,G,Souza,"Via de Pedestre Forte Tabatinga 249","São Paulo",SP,"São Paulo",02237-100,BR,Brazil,MelissaGomesSouza@teleworm.us,Hadet2004,Leaciezui5R,"Mozilla/5.0 (Macintosh; Intel Mac OS X 10_11_2) AppleWebKit/537.36 (KHTML, like Gecko) Chrome/48.0.2564.97 Safari/537.36","(11) 8361-2354",55,Alves,8/1/2004,11,Leo,Visa,4716486432849055,012,1/2019,996.061.587-13,"1Z 39F 9W5 79 8141 419 8",1103798435,58739449,Blue,"Poultry trimmer","Laura Ashley","1998 Fiat Bravo",BetaRoom.com.br,A-,106.5,48.4,"5' 2""",158,7e20125b-4ac0-406b-bce8-c804a51488d9,-23.528022,-46.713082
63,male,Brazil,Mr.,Otávio,B,Cardoso,"Rua Manoel Lourenço dos Santos 195","São José do Rio Preto",SP,"São Paulo",15035-080,BR,Brazil,OtavioBarbosaCardoso@einrot.com,Womell,phei4Caeth,"Mozilla/5.0 (Windows NT 10.0; WOW64; rv:43.0) Gecko/20100101 Firefox/43.0","(17) 9929-3244",55,Araujo,3/26/1998,17,Aries,Visa,4532343668866109,047,11/2018,597.950.709-40,"1Z 8W4 8Y7 83 2194 703 6",8446679101,33718766,Green,"Industrial equipment technician",Libera,"1998 Mazda 626",RebateDate.com.br,O+,137.3,62.4,"5' 7""",170,a1304709-63da-4b38-9f8f-cdc8028d7bda,-20.716941,-49.280915
64,male,Brazil,Mr.,Alex,S,Silva,"Praça Rei 1239",Embu,SP,"São Paulo",06805-180,BR,Brazil,AlexSouzaSilva@superrito.com,Sames1999,Oovereth4,"Mozilla/5.0 (Macintosh; Intel Mac OS X 10_10_5) AppleWebKit/537.36 (KHTML, like Gecko) Chrome/48.0.2564.97 Safari/537.36","(11) 3842-5206",55,Rodrigues,8/6/1999,16,Leo,MasterCard,5420769152629417,648,4/2018,121.681.794-41,"1Z 853 03F 42 4383 490 0",0831759232,81983495,Blue,"Payroll and timekeeping clerk","Handy Andy Home Improvement Center","1998 Renault Spider",DontAttack.com.br,O+,128.3,58.3,"5' 8""",172,cd0a8c41-7ec8-49a4-84d9-a9ebfc6f5665,-23.726634,-46.841863
65,female,Brazil,Ms.,Lavinia,C,Fernandes,"Rua Pêra-Mirim 463","São Paulo",SP,"São Paulo",08340-500,BR,Brazil,LaviniaCostaFernandes@fleckens.hu,Youled,iP4oh3oh,"Mozilla/5.0 (X11; Linux x86_64) AppleWebKit/537.36 (KHTML, like Gecko) Chrome/48.0.2564.82 Safari/537.36","(11) 3963-7154",55,Martins,4/20/2004,11,Taurus,MasterCard,5470748447731211,840,8/2019,986.340.996-01,"1Z 4E2 65A 17 5807 846 1",9391682157,97921250,Purple,"Foreign language interpreter","Audio Visions","2005 Lamborghini Diablo",GeoConcierge.com.br,A+,59.4,27.0,"4' 8""",143,bcdce9ad-07fe-416e-8d3f-db1062695383,-23.66213,-46.69206
66,female,Brazil,Mrs.,Giovanna,A,Dias,"Rua das Betúnias 1356","Presidente Prudente",SP,"São Paulo",19065-450,BR,Brazil,GiovannaAzevedoDias@teleworm.us,Sandsous,ahzoo1ieCi8y,"Mozilla/5.0 (Windows NT 6.1; WOW64) AppleWebKit/537.36 (KHTML, like Gecko) Chrome/47.0.2526.111 Safari/537.36","(18) 3894-4036",55,Barbosa,12/5/2010,5,Sagittarius,MasterCard,5324958524063408,376,2/2019,545.311.129-11,"1Z 434 48A 77 6526 754 3",2571862586,02842601,Red,"Coin, vending, and amusement machine servicer","Blue Boar Cafeterias","2012 Audi S8",ReadyProduce.com.br,A+,31.7,14.4,"3' 6""",107,6f85e96c-8a63-4167-ac2c-1e120f9a90e6,-21.879875,-51.275088
67,female,Brazil,Mrs.,Lara,D,Pereira,"Rua Antúrios 26","São Paulo",SP,"São Paulo",08391-110,BR,Brazil,LaraDiasPereira@fleckens.hu,Werepher01,ohcuu4quaF,"Mozilla/5.0 (iPad; CPU OS 9_2 like Mac OS X) AppleWebKit/601.1.46 (KHTML, like Gecko) Version/9.0 Mobile/13C75 Safari/601.1","(11) 9318-8740",55,Araujo,1/28/2001,15,Aquarius,MasterCard,5513368041127648,377,1/2021,250.901.779-96,"1Z 05F F58 50 2707 769 4",9020309560,28975617,Green,"Piano tuner","Golden Joy","1996 Zastava 65",DishReady.com.br,A+,135.7,61.7,"5' 1""",154,515931c2-4397-4ec5-ac67-0f90fbc74916,-23.704631,-46.651806
68,female,Brazil,Ms.,Amanda,C,Azevedo,"Avenida Dique do Meio 148","São Vicente",SP,"São Paulo",11330-700,BR,Brazil,AmandaCorreiaAzevedo@rhyta.com,Hisilat99,ezei4Cie,"Mozilla/5.0 (Windows NT 10.0; WOW64) AppleWebKit/537.36 (KHTML, like Gecko) Chrome/47.0.2526.106 Safari/537.36","(11) 7767-5570",55,Rodrigues,10/6/1999,16,Libra,Visa,4532274019100221,910,1/2017,658.396.786-35,"1Z 515 582 24 8392 314 1",8615849632,93857773,Green,"Prosthetics technician",Wag's,"2001 GMC Sonoma",RewardsPays.com.br,A+,124.7,56.7,"5' 0""",152,b17fee97-6a17-4a42-9f14-c16f841624c7,-24.047647,-46.427983
69,female,Brazil,Mrs.,Beatriz,G,Dias,"Rua Clara Branco de Oliveira 1748","Francisco Morato",SP,"São Paulo",07942-070,BR,Brazil,BeatrizGomesDias@gustr.com,Huragnional,Ceeg0ree,"Mozilla/5.0 (Windows NT 6.1; WOW64) AppleWebKit/537.36 (KHTML, like Gecko) Chrome/47.0.2526.111 Safari/537.36","(11) 6474-9518",55,Rodrigues,8/1/2004,11,Leo,Visa,4532289955450166,803,3/2021,612.824.084-45,"1Z 833 217 86 3452 563 6",2551606576,91465528,Purple,"Immigration and Naturalization Service (INS) agent","Sounds of Soul Records & Tapes","2002 Porsche Boxster",InstantRevival.com.br,O+,107.8,49.0,"4' 6""",136,f651fc09-68a7-4f25-a065-eb5a5d7f8de2,-23.191305,-46.794027
70,male,Brazil,Mr.,Luís,B,Barbosa,"Rua Francisco Duarte 1323","São Paulo",SP,"São Paulo",02054-060,BR,Brazil,LuisBarrosBarbosa@cuvox.de,Coultle,Cagho4phu,"Mozilla/5.0 (Windows NT 6.1; WOW64) AppleWebKit/537.36 (KHTML, like Gecko) Chrome/47.0.2526.111 Safari/537.36","(11) 9053-2600",55,Cunha,1/23/2000,16,Aquarius,MasterCard,5395183447834967,826,2/2019,149.002.234-17,"1Z 733 3F4 69 7768 369 8",8234608103,26874599,Blue,"Operational meteorologist","Noodle Kidoodle","2005 BMW FW 27",PreciousMaterial.com.br,B+,133.5,60.7,"6' 0""",184,8d12622f-43bc-499b-a347-a41cfe7e67c6,-23.713893,-46.67475
71,male,Brazil,Mr.,Kauê,S,Silva,"Rua Dantas Barreto 1627",Arcoverde,PE,Pernambuco,56506-620,BR,Brazil,KaueSousaSilva@jourrapide.com,Youle2004,eicudezi5Th,"Mozilla/5.0 (X11; Ubuntu; Linux x86_64; rv:43.0) Gecko/20100101 Firefox/43.0","(87) 7823-8685",55,Correia,9/7/2004,11,Virgo,MasterCard,5230711589992794,890,8/2020,285.405.627-23,"1Z 478 44V 94 8427 128 9",7058644741,77017801,Blue,"Private investigator","Garden Master","1994 Nissan 300 ZX",BroadReport.com.br,O+,121.4,55.2,"4' 8""",141,5e17e280-2161-4d3b-85ea-92bb7b85b04b,-8.312358,-37.029274
72,male,Brazil,Mr.,Kauan,C,Rocha,"Vila Gigi 1699",Belém,PA,Pará,66025-021,BR,Brazil,KauanCorreiaRocha@superrito.com,Reflud,ooTiqu1cohqu,"Mozilla/5.0 (Windows NT 10.0; WOW64) AppleWebKit/537.36 (KHTML, like Gecko) Chrome/47.0.2526.111 Safari/537.36","(91) 7906-8814",55,Ferreira,7/16/2004,11,Cancer,MasterCard,5203669601266527,804,7/2019,474.398.335-54,"1Z F28 047 66 4482 271 0",9171894863,15032110,Black,Courier,Jacobs,"2015 Lincoln MKS",AmateurExhibit.com.br,B+,59.2,26.9,"4' 11""",149,c17ffe1a-5b70-4e6b-8fb0-54dd01850225,-1.408093,-48.322302
73,female,Brazil,Ms.,Beatrice,S,Dias,"Rua Butadieno 843",Contagem,MG,"Minas Gerais",32072-150,BR,Brazil,BeatriceSousaDias@rhyta.com,Girese,Ouliv5ie,"Mozilla/5.0 (Macintosh; Intel Mac OS X 10_11_3) AppleWebKit/601.4.4 (KHTML, like Gecko) Version/9.0.3 Safari/601.4.4","(31) 7555-6216",55,Araujo,11/19/2001,14,Scorpio,Visa,4485376736654914,734,8/2019,455.974.748-20,"1Z 58V F79 11 7343 112 9",5730514852,37668852,Brown,"Aquaculture farmer","Mission G","1994 Dodge Viper",GovernmentAlert.com.br,B+,127.4,57.9,"5' 0""",153,f9f86a08-7f8c-48e2-9e58-89d33e15bafb,-19.812176,-44.07532
74,male,Brazil,Mr.,Leonardo,C,Melo,"Rua São Carlos 162",Valinhos,SP,"São Paulo",13276-134,BR,Brazil,LeonardoCardosoMelo@gustr.com,Havere09,aejae8Wu,"Mozilla/5.0 (Macintosh; Intel Mac OS X 10_11_3) AppleWebKit/601.4.4 (KHTML, like Gecko) Version/9.0.3 Safari/601.4.4","(19) 4981-9928",55,Souza,11/3/2009,6,Scorpio,MasterCard,5459261828011141,294,10/2020,352.784.334-50,"1Z 493 A61 22 5499 558 1",0471136602,24426124,Blue,"Gaming investigator","House Of Denmark","2011 Mazda 5",KilometerConverter.com.br,B+,60.1,27.3,"3' 10""",117,b31ca00f-a19e-444e-9d0b-6b4130d5ebaa,-22.993976,-46.887282
75,male,Brazil,Mr.,Lucas,S,Barbosa,"Rua 228 1955",Goiânia,GO,Goiás,74645-200,BR,Brazil,LucasSilvaBarbosa@teleworm.us,Whount2002,Eej1Eichei,"Mozilla/5.0 (Macintosh; Intel Mac OS X 10_11_2) AppleWebKit/537.36 (KHTML, like Gecko) Chrome/47.0.2526.106 Safari/537.36","(62) 2988-7178",55,Rocha,10/3/2002,13,Libra,Visa,4716591907171495,145,12/2017,918.463.527-46,"1Z 377 337 10 5501 751 6",3108249204,08461398,Blue,"Rural mail carrier","First Rate Choice","1999 Buick LeSabre",SixMonthFoodSupply.com.br,B+,93.5,42.5,"4' 10""",148,1dc9e94d-c337-4c1f-8c8f-d2d27ccc9b95,-16.679689,-49.195392
76,female,Brazil,Ms.,Bianca,C,Souza,"Quadra QR 408 Conjunto 05 1103",Samambaia,DF,"Distrito Federal",72318-305,BR,Brazil,BiancaCavalcantiSouza@gustr.com,Dempan,Ohfiechein5oo,"Mozilla/5.0 (Windows NT 6.1; WOW64) AppleWebKit/537.36 (KHTML, like Gecko) Chrome/47.0.2526.111 Safari/537.36","(61) 8563-9361",55,Sousa,12/14/2009,6,Sagittarius,MasterCard,5170134873995302,609,12/2021,297.180.439-93,"1Z 481 588 54 3691 889 3",8103262265,97647555,Purple,Conductor,"Crazy Eddie","2000 Pontiac Sunfire",FinancialCrawler.com.br,A+,59.4,27.0,"4' 1""",124,84bb2369-52f9-49ec-88b8-68ab46cecc71,-23.04545,-47.528443
77,male,Brazil,Mr.,Vitor,D,Castro,"Rua Joaquim Norberto 782","São Paulo",SP,"São Paulo",02301-100,BR,Brazil,VitorDiasCastro@einrot.com,Wituare,Thoi6ko2,"Mozilla/5.0 (Windows NT 6.1; WOW64) AppleWebKit/537.36 (KHTML, like Gecko) Chrome/47.0.2526.106 Safari/537.36","(11) 6091-9832",55,Barbosa,11/5/2001,14,Scorpio,Visa,4556618061659396,015,10/2021,867.623.134-69,"1Z 066 271 03 5969 207 4",8632926745,32981384,Blue,"Automotive body repairer","Checker Auto Parts","1997 Cadillac Catera",FindCertificiates.com.br,A+,95.7,43.5,"5' 1""",155,fab74744-85c5-43bf-8557-7b6c22c656e5,-23.527194,-46.673048
78,female,Brazil,Mrs.,Lavinia,C,Goncalves,"Rua Joel José de Carvalho 299","São Paulo",SP,"São Paulo",05563-100,BR,Brazil,LaviniaCostaGoncalves@cuvox.de,Linlantrint2008,Shi2quohpuch,"Mozilla/5.0 (Windows NT 10.0; WOW64) AppleWebKit/537.36 (KHTML, like Gecko) Chrome/47.0.2526.111 Safari/537.36","(11) 8466-9235",55,Correia,12/18/2008,7,Sagittarius,Visa,4539411737919770,595,4/2017,320.095.336-58,"1Z 631 567 20 4545 251 4",6682949005,70231516,Blue,"En route controller","Gas Zone","2001 Ariel Atom",DanceSync.com.br,O+,38.1,17.3,"4' 3""",130,f762d235-b064-48ac-b06d-df3652615036,-23.726656,-46.724413
79,female,Brazil,Mrs.,Livia,P,Dias,"Avenida Ceará 456",Caruaru,PE,Pernambuco,55016-420,BR,Brazil,LiviaPintoDias@jourrapide.com,Olad2003,Sief5phe1y,"Mozilla/5.0 (Windows NT 6.1; WOW64; Trident/7.0; rv:11.0) like Gecko","(81) 7956-3468",55,Dias,3/3/2003,12,Pisces,Visa,4539309397757771,396,7/2018,494.791.078-05,"1Z 240 25W 03 4663 885 7",7210730649,24838274,Blue,"Museum director",Kleinhans,"2004 Jeep Liberty",RipHit.com.br,A+,73.5,33.4,"5' 1""",156,babbd87b-1e0a-443d-9254-d077b7eace8d,-8.149376,-36.051693
80,female,Brazil,Ms.,Gabriela,P,Silva,"Beco Primeiro de Maio 1497","Sete Lagoas",MG,"Minas Gerais",35700-587,BR,Brazil,GabrielaPereiraSilva@teleworm.us,Cosper,Gait7ahch,"Mozilla/5.0 (Macintosh; Intel Mac OS X 10_11) AppleWebKit/601.1.56 (KHTML, like Gecko) Version/9.0 Safari/601.1.56","(31) 9075-3124",55,Araujo,5/26/2000,15,Gemini,Visa,4556969424077366,321,9/2021,349.103.926-61,"1Z 767 E25 11 4791 237 3",8323080833,04391854,Blue,"Policy analyst","Super Duper","1998 Dodge Dakota",SeattleResidence.com.br,O+,154.2,70.1,"5' 1""",156,4703e2a5-b611-4009-b18e-48360765b907,-19.510301,-44.203864
81,female,Brazil,Ms.,Ágatha,L,Cardoso,"1ª Travessa Dorândia 1137",Recife,PE,Pernambuco,52140-301,BR,Brazil,AgathaLimaCardoso@fleckens.hu,Aforeg,Wah2patee,"Mozilla/5.0 (Windows NT 10.0; WOW64) AppleWebKit/537.36 (KHTML, like Gecko) Chrome/47.0.2526.106 Safari/537.36","(81) 6753-8835",55,Lima,10/6/2009,6,Libra,Visa,4716753859002249,159,9/2020,429.559.974-39,"1Z 0E2 555 68 1845 820 3",0982684753,44650074,Blue,"Time and attendance clerk","Your Future Is Now","2008 Ford Ikon",LearningDermatology.com.br,A+,62.0,28.2,"4' 0""",121,a1d93796-faf2-43d9-8f7d-97c206d898f1,-8.100114,-34.857523
82,female,Brazil,Ms.,Bruna,S,Castro,"Rua Tamanco 519",Olinda,PE,Pernambuco,53130-650,BR,Brazil,BrunaSilvaCastro@rhyta.com,Grandsid,jo7Jaezae,"Mozilla/5.0 (Windows NT 6.1; WOW64) AppleWebKit/537.36 (KHTML, like Gecko) Chrome/47.0.2526.111 Safari/537.36","(81) 7072-2441",55,Cunha,5/5/2010,5,Taurus,Visa,4929250313715824,682,8/2021,445.288.099-15,"1Z A25 414 85 9262 727 8",9881416996,87221346,Blue,Correspondent,Delchamps,"1995 Mazda Carol",FaceUpdate.com.br,AB+,42.7,19.4,"3' 7""",110,737d468b-4c6d-43f8-b6d4-e76582f9293c,-7.905189,-34.796882
83,male,Brazil,Mr.,Luan,G,Carvalho,"Travessa André Calmettes 1066","São Paulo",SP,"São Paulo",02251-040,BR,Brazil,LuanGomesCarvalho@rhyta.com,Taker2006,tieneif3Ee,"Mozilla/5.0 (X11; Linux x86_64) AppleWebKit/537.36 (KHTML, like Gecko) Chrome/47.0.2526.106 Safari/537.36","(11) 7329-8694",55,Cavalcanti,10/22/2006,9,Libra,Visa,4916148461494165,978,8/2021,852.105.061-50,"1Z 74W 281 20 1884 011 4",2641627290,53938703,Black,"Information architect librarian","Cardinal Stores","1995 Jeep Grand Cherokee",MayoDoctor.com.br,O+,96.6,43.9,"4' 7""",139,ca5bf833-1d47-40e7-8680-032cc91f694c,-23.633275,-46.606493
84,female,Brazil,Ms.,Maria,R,Cunha,"Rua Velho Camaleão 1462","São Paulo",SP,"São Paulo",08062-500,BR,Brazil,MariaRochaCunha@jourrapide.com,Nalove,thei5Oiy,"Mozilla/5.0 (Windows NT 10.0; WOW64) AppleWebKit/537.36 (KHTML, like Gecko) Chrome/47.0.2526.106 Safari/537.36","(11) 9018-4657",55,Lima,8/27/1998,17,Virgo,MasterCard,5436615926306752,781,6/2021,684.617.429-07,"1Z 3A9 E80 28 5701 067 3",0213317777,04317152,Green,"Job estimator","Knockout Kickboxing","1995 Nissan Maxima",DashboardDirectory.com.br,AB+,161.7,73.5,"5' 2""",157,108a9a91-221a-4ac4-bf7a-0dd3162a3370,-23.711392,-46.733123
85,male,Brazil,Mr.,Marcos,C,Azevedo,"Rua Londres 864",Catalão,GO,Goiás,75704-210,BR,Brazil,MarcosCarvalhoAzevedo@teleworm.us,Aremin2002,ki3Shah7Adei,"Mozilla/5.0 (Windows NT 10.0; WOW64; rv:43.0) Gecko/20100101 Firefox/43.0","(64) 4819-5990",55,Dias,5/16/2002,13,Taurus,Visa,4716200621349623,758,7/2021,151.320.440-85,"1Z Y69 057 56 5931 572 8",3497775481,10928606,Blue,"U.S. Secret Service special agent",Packer,"1996 Opel Frontera",HardwareParty.com.br,A+,95.9,43.6,"4' 10""",148,59bca417-65f2-443a-b11a-4b17c9c8688e,-17.964702,-47.607366
86,male,Brazil,Mr.,André,C,Carvalho,"Avenida Tancredo Neves 923",Cuiabá,MT,"Mato Grosso",78065-230,BR,Brazil,AndreCastroCarvalho@dayrep.com,Odevidis2003,ep7quaiShaph,"Mozilla/5.0 (Windows NT 6.1; WOW64) AppleWebKit/537.36 (KHTML, like Gecko) Chrome/48.0.2564.97 Safari/537.36","(65) 9636-4421",55,Lima,10/13/2003,12,Libra,Visa,4556685617064454,466,11/2020,296.775.658-00,"1Z 070 668 61 7393 578 5",0751678729,95950065,White,"Telephone repairer","Tam's Stationers","2003 Lexus ES",GrandTracker.com.br,O+,115.3,52.4,"4' 6""",137,64ef2b0e-a7d2-4bdf-9dc1-0dde7afadb95,-15.48695,-55.908203
87,male,Brazil,Mr.,Pedro,F,Barbosa,"Rua Caraíbas 674","Feira de Santana",BA,Bahia,44040-540,BR,Brazil,PedroFerreiraBarbosa@fleckens.hu,Formiscrad,eWae6Ungo,"Mozilla/5.0 (Macintosh; Intel Mac OS X 10_11_2) AppleWebKit/601.3.9 (KHTML, like Gecko) Version/9.0.2 Safari/601.3.9","(75) 7606-9963",55,Martins,9/20/2005,10,Virgo,MasterCard,5182100257080405,342,10/2017,606.900.340-32,"1Z 13V 412 40 2794 686 4",5107240318,85867678,Blue,"Immigration inspector","Deco Refreshments, Inc.","2009 Nissan Livina",AutomotiveCourse.com.br,B+,56.1,25.5,"4' 7""",140,935ab0b9-3e0d-404c-8344-af2598508255,-12.262006,-39.121745
88,male,Brazil,Mr.,Tomás,C,Silva,"Rua Prata 1655","Belo Horizonte",MG,"Minas Gerais",30310-100,BR,Brazil,TomasCorreiaSilva@dayrep.com,Gwasumeet10,Oiweev5AhX,"Mozilla/5.0 (Windows NT 6.1; WOW64; rv:44.0) Gecko/20100101 Firefox/44.0","(31) 2541-8693",55,Sousa,12/5/2010,5,Sagittarius,Visa,4929762809029544,527,1/2018,449.978.482-47,"1Z 504 269 57 6159 894 3",5567009947,68764170,Blue,"Marking and identification printing machine operator","Rack N Sack","2004 Nissan Quest",AffinityClicks.com.br,B+,50.4,22.9,"3' 8""",112,a446f3d3-81c4-4b32-9168-2002df410435,-19.933282,-43.911242
89,male,Brazil,Mr.,Murilo,P,Barbosa,"Quadra QSB 07 1773",Taguatinga,DF,"Distrito Federal",72015-570,BR,Brazil,MuriloPereiraBarbosa@gustr.com,Shouthat,ye5eeNga8,"Mozilla/5.0 (Macintosh; Intel Mac OS X 10.11; rv:43.0) Gecko/20100101 Firefox/43.0","(61) 9995-3882",55,Ribeiro,11/18/2008,7,Scorpio,Visa,4929742409557771,251,7/2020,829.180.279-36,"1Z 691 9V5 92 7082 822 1",4675192544,18616091,Blue,"ATF agent","Jay Jacobs","2011 Scion iQ",InkBanners.com.br,O+,52.1,23.7,"3' 10""",116,808b3a1b-b903-42d6-a551-309c9d66a5a4,-12.516305,-46.267945
90,male,Brazil,Mr.,José,B,Castro,"Rua Brasília 1018",Catanduva,SP,"São Paulo",15810-475,BR,Brazil,JoseBarrosCastro@rhyta.com,Satims,quaaK3se1j,"Mozilla/5.0 (Windows NT 5.1; rv:43.0) Gecko/20100101 Firefox/43.0","(17) 5258-7460",55,Dias,12/4/2008,7,Sagittarius,Visa,4716585898151052,181,4/2019,711.301.211-60,"1Z 799 258 75 0063 323 0",1861942298,56738845,Blue,"Fiscal and policy analyst",Patterson-Fletcher,"2009 Volkswagen CC",DigitalScottsdale.com.br,O+,55.4,25.2,"3' 10""",116,9b0a9ca9-0840-4920-a831-b3cb9c61d7c2,-21.214233,-49.003029
91,female,Brazil,Mrs.,Beatrice,S,Pinto,"Rua Setenta e Seis 211","Montes Claros",MG,"Minas Gerais",39401-378,BR,Brazil,BeatriceSousaPinto@teleworm.us,Ront2004,aing5eechuY,"Mozilla/5.0 (Windows NT 10.0; WOW64) AppleWebKit/537.36 (KHTML, like Gecko) Chrome/47.0.2526.111 Safari/537.36","(38) 7539-6902",55,Gomes,5/26/2004,11,Gemini,MasterCard,5430793018184993,062,2/2019,104.105.379-77,"1Z 919 995 89 8783 286 9",4415568946,58546760,Blue,"Rigging chaser",Silverwoods,"1996 Acura Integra",AstrologyClipart.com.br,O+,123.4,56.1,"5' 2""",158,dac227f2-cf84-435d-8363-981ec36b8e73,-16.64658,-43.867712
92,male,Brazil,Mr.,Breno,P,Barbosa,"Rua São Miguel 1757",Guarujá,SP,"São Paulo",11460-201,BR,Brazil,BrenoPereiraBarbosa@fleckens.hu,Broomon1999,eng6MaTh,"Mozilla/5.0 (Windows NT 10.0; WOW64) AppleWebKit/537.36 (KHTML, like Gecko) Chrome/47.0.2526.111 Safari/537.36","(13) 5031-8922",55,Rocha,1/11/1999,17,Capricorn,MasterCard,5333253578484646,758,6/2019,714.241.428-65,"1Z 2F5 E74 61 8076 844 4",9593579224,68192488,Brown,"Computer software engineer","Total Serve","2014 Audi S6",ApartmentAid.com.br,B+,139.7,63.5,"5' 8""",173,4fed5245-6bd4-4784-82a6-71a828cbc9ed,-23.871463,-46.228275
93,female,Brazil,Ms.,Emilly,C,Sousa,"Estrada Bambus 986","Nova Iguaçu",RJ,"Rio de Janeiro",26060-540,BR,Brazil,EmillyCastroSousa@fleckens.hu,Fibine,coo1Hev3ai,"Mozilla/5.0 (X11; Ubuntu; Linux x86_64; rv:43.0) Gecko/20100101 Firefox/43.0","(21) 5684-7036",55,Barbosa,1/23/2005,11,Aquarius,Visa,4716267425466978,287,5/2021,346.766.754-61,"1Z 543 390 22 1843 847 6",7316894647,09899230,Red,"Web publications designer","K's Merchandise","2004 Ford Mondeo",GimmeGaming.com.br,AB+,87.8,39.9,"4' 6""",136,5db313bd-d9e1-46bd-8751-fb36890edaa0,-22.605099,-43.422191
94,female,Brazil,Mrs.,Marina,C,Oliveira,"Acesso Três 637","Porto Alegre",RS,"Rio Grande do Sul",91430-370,BR,Brazil,MarinaCardosoOliveira@einrot.com,Thowintal,EeTid3chieK,"Mozilla/5.0 (Macintosh; Intel Mac OS X 10_11_3) AppleWebKit/537.36 (KHTML, like Gecko) Chrome/48.0.2564.97 Safari/537.36","(51) 7072-7534",55,Araujo,3/17/2007,8,Pisces,MasterCard,5394736008010599,526,11/2018,406.571.996-80,"1Z 82A 777 10 3792 360 8",1806893344,41376974,Purple,"Vending machine technician","Life's Gold","2001 Dodge Caravan",BloodMovies.com.br,A+,70.0,31.8,"4' 4""",131,df931977-64bf-4aa4-bc32-246f65f7ef96,-30.111787,-51.223699
95,male,Brazil,Mr.,Joao,S,Araujo,"Avenida Marabas 1928","Patos de Minas",MG,"Minas Gerais",38702-192,BR,Brazil,JoaoSantosAraujo@rhyta.com,Thavence,oosheex6Bei,"Mozilla/5.0 (Windows NT 10.0; WOW64) AppleWebKit/537.36 (KHTML, like Gecko) Chrome/47.0.2526.111 Safari/537.36","(34) 6471-7856",55,Barros,12/25/2001,14,Capricorn,Visa,4485941320248504,205,2/2020,667.762.350-58,"1Z 777 Y19 30 7746 314 0",4595424612,40388593,Blue,"Budget manager","Buckeye Furniture","2008 Honda Odyssey",PatioCarts.com.br,B+,81.6,37.1,"5' 10""",179,6a27eff1-03ed-4c06-be0e-8159b899d794,-18.705734,-46.512006
96,male,Brazil,Mr.,Guilherme,C,Pinto,"Passagem João Amador 271",Belém,PA,Pará,66123-710,BR,Brazil,GuilhermeCavalcantiPinto@einrot.com,Winse2006,digh2Eequ,"Mozilla/5.0 (Macintosh; Intel Mac OS X 10.11; rv:44.0) Gecko/20100101 Firefox/44.0","(91) 4660-9954",55,Santos,4/21/2006,9,Taurus,MasterCard,5567136271563054,938,5/2017,517.135.248-80,"1Z 92W W70 27 7661 202 4",7911807661,70985968,Blue,"Gaming supervisor",Furrow's,"2007 Volvo S80",WeekendEntrepreneurs.com.br,O+,75.5,34.3,"4' 8""",142,b9d83269-eb3c-460b-b66d-d65cd3d0cb89,-1.338363,-48.388694
97,male,Brazil,Mr.,Matheus,C,Barbosa,"Rua Urbino Urbini Fiuzza 1523",Mogi-Mirim,SP,"São Paulo",13802-235,BR,Brazil,MatheusCardosoBarbosa@armyspy.com,Hatmarat,quoo4weeJ6i,"Mozilla/5.0 (X11; Linux x86_64; rv:43.0) Gecko/20100101 Firefox/43.0","(16) 3209-4653",55,Carvalho,4/15/2010,5,Aries,Visa,4916615355125543,407,9/2021,206.475.692-21,"1Z 212 325 73 3186 763 9",5534573290,57791534,Black,"Operating engineer","Kohl's Food Stores","1992 Rover 400",PaintballTrips.com.br,AB+,32.3,14.7,"3' 3""",100,05b49967-44f1-4865-ae6f-339e3b214af0,-22.408326,-46.899472
98,female,Brazil,Mrs.,Leonor,B,Rocha,"Rua Ibateguara 1085","São Lourenço da Mata",PE,Pernambuco,54705-660,BR,Brazil,LeonorBarbosaRocha@fleckens.hu,Saked2007,oS8meurour,"Mozilla/5.0 (Windows NT 10.0; WOW64; rv:43.0) Gecko/20100101 Firefox/43.0","(81) 8653-7014",55,Dias,2/21/2007,8,Pisces,MasterCard,5319796892296292,656,12/2019,551.244.453-00,"1Z 649 496 11 3303 241 1",5262712114,38662908,Green,"Machine offbearer","The Wall","2004 Peugeot 106",FuneralDirectorDirectory.com.br,AB+,65.8,29.9,"3' 11""",120,3623ba81-bfca-46b3-b4ee-f7cccfa109aa,-7.979696,-35.156594
99,female,Brazil,Ms.,Julia,C,Dias,"Rua Coronel Jesuíno de Sá 288",Itaguaí,RJ,"Rio de Janeiro",23811-190,BR,Brazil,JuliaCavalcantiDias@cuvox.de,Recorpersed,Sae3Rongei,"Mozilla/5.0 (Macintosh; Intel Mac OS X 10_11_2) AppleWebKit/537.36 (KHTML, like Gecko) Chrome/47.0.2526.111 Safari/537.36","(21) 7280-9714",55,Azevedo,7/20/2004,11,Cancer,Visa,4532765810004736,911,11/2019,939.654.097-86,"1Z 73F 755 13 9972 185 5",7817664784,82142544,Blue,"Osteopathic surgeon","Giant Open Air","1995 Ford Versailles",WhoisSeeker.com.br,O-,90.9,41.3,"5' 0""",152,f6fdd19e-b548-44e8-9e4e-933a401f68e2,-22.942008,-43.825826
100,female,Brazil,Ms.,Isabela,L,Azevedo,"Rua Comendador Sá Barreto 118","Jaboatão dos Guararapes",PE,Pernambuco,54420-331,BR,Brazil,IsabelaLimaAzevedo@dayrep.com,Amonly2009,fohqu4Shoo,"Mozilla/5.0 (Windows NT 10.0; WOW64; rv:43.0) Gecko/20100101 Firefox/43.0","(81) 8812-5226",55,Oliveira,2/5/2009,6,Aquarius,Visa,4485725283362646,497,7/2020,102.368.908-16,"1Z 497 108 49 6473 389 0",8209255444,00307444,Green,"Job printer","Laughner's Cafeteria","2008 Toyota Aygo",ScottsdaleSkincare.com.br,O+,44.9,20.4,"3' 9""",115,acf5c731-4c4b-43ca-9af6-ebe2436a637e,-8.233775,-34.895884
